filename,monument_name,datetime,caption,include,exclude_reason,section,orientation,cover_candidate,docushare_url
"Acton-Boxborough Central Street, 2024-10-22 18-03.jpg",Acton/Boxborough Central Street,2024-10-22 18-03,,yes,,monument,portrait,yes,https://doc.actonma.gov/dsweb/Get/Document-98981/Acton-Boxborough Central Street%2c 2024-10-22 18-03.jpg
"Acton-Boxborough Central Street, 2024-10-22 18-04, Context with town line sign.jpg",Acton/Boxborough Central Street,2024-10-22 18-04,Context with town line sign,yes,,monument,portrait,yes,https://doc.actonma.gov/dsweb/Get/Document-98982/Acton-Boxborough Central Street%2c 2024-10-22 18-04%2c Context with town line sign.jpg
"Acton-Boxborough Central Street, 2024-10-22 18-04.jpg",Acton/Boxborough Central Street,2024-10-22 18-04,,yes,,monument,portrait,yes,https://doc.actonma.gov/dsweb/Get/Document-98983/Acton-Boxborough Central Street%2c 2024-10-22 18-04.jpg
"Acton-Boxborough Central Street, 2025-09-16 10-52.jpg",Acton/Boxborough Central Street,2025-09-16 10-52,,yes,,monument,portrait,yes,https://doc.actonma.gov/dsweb/Get/Document-98984/Acton-Boxborough Central Street%2c 2025-09-16 10-52.jpg
"Acton-Boxborough Central Street, 2025-09-16 10-53.jpg",Acton/Boxborough Central Street,2025-09-16 10-53,,yes,,monument,portrait,yes,https://doc.actonma.gov/dsweb/Get/Document-98985/Acton-Boxborough Central Street%2c 2025-09-16 10-53.jpg
"Acton-Boxborough Littlefield Road, 2025-09-16 10-39.jpg",Acton/Boxborough Littlefield Road,2025-09-16 10-39,,yes,,monument,portrait,yes,https://doc.actonma.gov/dsweb/Get/Document-98986/Acton-Boxborough Littlefield Road%2c 2025-09-16 10-39.jpg
"Acton-Boxborough Littlefield Road, 2025-10-31 15-01, 2.jpg",Acton/Boxborough Littlefield Road,2025-10-31 15-01,,yes,,monument,portrait,yes,https://doc.actonma.gov/dsweb/Get/Document-98987/Acton-Boxborough Littlefield Road%2c 2025-10-31 15-01%2c 2.jpg
"Acton-Boxborough Littlefield Road, 2025-10-31 15-01.jpg",Acton/Boxborough Littlefield Road,2025-10-31 15-01,,yes,,monument,portrait,yes,https://doc.actonma.gov/dsweb/Get/Document-98994/Acton-Boxborough Littlefield Road%2c 2025-10-31 15-01.jpg
"Acton-Boxborough Littlefield Road, 2025-11-06 13-53, 2.jpg",Acton/Boxborough Littlefield Road,2025-11-06 13-53,,yes,,monument,portrait,yes,https://doc.actonma.gov/dsweb/Get/Document-98990/Acton-Boxborough Littlefield Road%2c 2025-11-06 13-53%2c 2.jpg
"Acton-Boxborough Littlefield Road, 2025-11-06 13-53, 3.jpg",Acton/Boxborough Littlefield Road,2025-11-06 13-53,,yes,,monument,portrait,yes,https://doc.actonma.gov/dsweb/Get/Document-98991/Acton-Boxborough Littlefield Road%2c 2025-11-06 13-53%2c 3.jpg
"Acton-Boxborough Littlefield Road, 2025-11-06 13-53, 4.jpg",Acton/Boxborough Littlefield Road,2025-11-06 13-53,,yes,,monument,portrait,yes,https://doc.actonma.gov/dsweb/Get/Document-98992/Acton-Boxborough Littlefield Road%2c 2025-11-06 13-53%2c 4.jpg
"Acton-Boxborough Littlefield Road, 2025-11-06 13-53.jpg",Acton/Boxborough Littlefield Road,2025-11-06 13-53,,yes,,monument,portrait,yes,https://doc.actonma.gov/dsweb/Get/Document-98993/Acton-Boxborough Littlefield Road%2c 2025-11-06 13-53.jpg
"Acton-Boxborough Littlefield Road, 2025-11-06 14-15, 2.jpg",Acton/Boxborough Littlefield Road,2025-11-06 14-15,,yes,,monument,landscape,yes,https://doc.actonma.gov/dsweb/Get/Document-99164/Acton-Boxborough Littlefield Road%2c 2025-11-06 14-15%2c 2.jpg
"Acton-Boxborough Littlefield Road, 2025-11-06 14-15.jpg",Acton/Boxborough Littlefield Road,2025-11-06 14-15,,yes,,monument,portrait,yes,https://doc.actonma.gov/dsweb/Get/Document-99165/Acton-Boxborough Littlefield Road%2c 2025-11-06 14-15.jpg
"Acton-Boxborough Mass Ave (Rte 111), 2026-07-13 12-54.jpg",Acton/Boxborough Mass Ave (Rte 111),2026-07-13 12-54,,yes,,monument,,,https://doc.actonma.gov/dsweb/Get/Document-99292/Acton-Boxborough Mass Ave (Rte 111)%2c 2026-07-13 12-54.jpg
"Acton-Boxborough Summer Street, 2025-09-16 09-41, A view of the equipment.jpg",Acton/Boxborough Summer Street,2025-09-16 09-41,A view of the equipment,yes,may belong in intro,intro,,,https://doc.actonma.gov/dsweb/Get/Document-98995/Acton-Boxborough Summer Street%2c 2025-09-16 09-41%2c A view of the equipment.jpg
"Acton-Boxborough Summer Street, 2025-09-16 09-49.jpg",Acton/Boxborough Summer Street,2025-09-16 09-49,,yes,,monument,portrait,yes,https://doc.actonma.gov/dsweb/Get/Document-98996/Acton-Boxborough Summer Street%2c 2025-09-16 09-49.jpg
"Acton-Boxborough Summer Street, 2025-09-16 09-52, 2.jpg",Acton/Boxborough Summer Street,2025-09-16 09-52,,no,redundant,monument,,,https://doc.actonma.gov/dsweb/Get/Document-98998/Acton-Boxborough Summer Street%2c 2025-09-16 09-52%2c 2.jpg
"Acton-Boxborough Summer Street, 2025-09-16 09-52.jpg",Acton/Boxborough Summer Street,2025-09-16 09-52,,yes,,monument,portrait,yes,https://doc.actonma.gov/dsweb/Get/Document-98999/Acton-Boxborough Summer Street%2c 2025-09-16 09-52.jpg
"Acton-Boxborough Summer Street, 2025-09-16 09-53.jpg",Acton/Boxborough Summer Street,2025-09-16 09-53,,yes,,monument,portrait,yes,https://doc.actonma.gov/dsweb/Get/Document-99000/Acton-Boxborough Summer Street%2c 2025-09-16 09-53.jpg
"Acton-Boxborough-Stow, 2024-06-28 15-11.jpg",Acton/Boxborough/Stow,2024-06-28 15-11,,yes,,monument,portrait,yes,https://doc.actonma.gov/dsweb/Get/Document-98964/Acton-Boxborough-Stow%2c 2024-06-28 15-11.jpg
"Acton-Boxborough-Stow, 2024-06-28 15-13, 2.jpg",Acton/Boxborough/Stow,2024-06-28 15-13,,no,redundant,monument,,,https://doc.actonma.gov/dsweb/Get/Document-98965/Acton-Boxborough-Stow%2c 2024-06-28 15-13%2c 2.jpg
"Acton-Boxborough-Stow, 2024-06-28 15-13.jpg",Acton/Boxborough/Stow,2024-06-28 15-13,Still leaning,yes,,monument,landscape,yes,https://doc.actonma.gov/dsweb/Get/Document-98966/Acton-Boxborough-Stow%2c 2024-06-28 15-13.jpg
"Acton-Boxborough-Stow, 2025-09-16 10-13.jpg",Acton/Boxborough/Stow,2025-09-16 10-13,,no,doesn’t add much,monument,,,https://doc.actonma.gov/dsweb/Get/Document-98967/Acton-Boxborough-Stow%2c 2025-09-16 10-13.jpg
"Acton-Boxborough-Stow, 2025-09-16 10-18, Impinging tree being cleared.jpg",Acton/Boxborough/Stow,2025-09-16 10-18,Impinging tree being cleared,yes,,monument,portrait,yes,https://doc.actonma.gov/dsweb/Get/Document-98968/Acton-Boxborough-Stow%2c 2025-09-16 10-18%2c Impinging tree being cleared.jpg
"Acton-Boxborough-Stow, 2025-09-16 10-20.jpg",Acton/Boxborough/Stow,2025-09-16 10-20,,yes,,monument,portrait,yes,https://doc.actonma.gov/dsweb/Get/Document-98969/Acton-Boxborough-Stow%2c 2025-09-16 10-20.jpg
"Acton-Boxborough-Stow, 2025-09-16 10-21, 2.jpg",Acton/Boxborough/Stow,2025-09-16 10-21,,yes,,monument,portrait,yes,https://doc.actonma.gov/dsweb/Get/Document-98970/Acton-Boxborough-Stow%2c 2025-09-16 10-21%2c 2.jpg
"Acton-Boxborough-Stow, 2025-09-16 10-21.jpg",Acton/Boxborough/Stow,2025-09-16 10-21,,yes,,monument,portrait,yes,https://doc.actonma.gov/dsweb/Get/Document-98971/Acton-Boxborough-Stow%2c 2025-09-16 10-21.jpg
"Acton-Carlisle 1, 2025-06-30 14-15, Wide context from Ben's Woods.jpg",Acton/Carlisle 1,2025-06-30 14-15,Wide context from Ben's Woods,yes,,monument,portrait,yes,https://doc.actonma.gov/dsweb/Get/Document-99001/Acton-Carlisle 1%2c 2025-06-30 14-15%2c Wide context from Ben_s Woods.jpg
"Acton-Carlisle 1, 2025-06-30 14-19, 2.jpg",Acton/Carlisle 1,2025-06-30 14-19,,yes,,monument,portrait,yes,https://doc.actonma.gov/dsweb/Get/Document-99002/Acton-Carlisle 1%2c 2025-06-30 14-19%2c 2.jpg
"Acton-Carlisle 1, 2025-06-30 14-19.jpg",Acton/Carlisle 1,2025-06-30 14-19,,yes,,monument,portrait,yes,https://doc.actonma.gov/dsweb/Get/Document-99003/Acton-Carlisle 1%2c 2025-06-30 14-19.jpg
"Acton-Carlisle 1, 2025-06-30 14-21, Acton side after painting.jpg",Acton/Carlisle 1,2025-06-30 14-21,Acton side after painting,yes,,monument,portrait,yes,https://doc.actonma.gov/dsweb/Get/Document-99004/Acton-Carlisle 1%2c 2025-06-30 14-21%2c Acton side after painting.jpg
"Acton-Carlisle 1, 2025-06-30 14-23.jpg",Acton/Carlisle 1,2025-06-30 14-23,,yes,,monument,portrait,yes,https://doc.actonma.gov/dsweb/Get/Document-99005/Acton-Carlisle 1%2c 2025-06-30 14-23.jpg
"Acton-Carlisle 2, 2025-03-25 11-22, 2.jpg",Acton/Carlisle 2,2025-03-25 11-22,,yes,,monument,portrait,yes,https://doc.actonma.gov/dsweb/Get/Document-99006/Acton-Carlisle 2%2c 2025-03-25 11-22%2c 2.jpg
"Acton-Carlisle 2, 2025-03-25 11-22.jpg",Acton/Carlisle 2,2025-03-25 11-22,,yes,,monument,portrait,yes,https://doc.actonma.gov/dsweb/Get/Document-99007/Acton-Carlisle 2%2c 2025-03-25 11-22.jpg
"Acton-Carlisle 2, 2025-03-25 11-23.jpg",Acton/Carlisle 2,2025-03-25 11-23,,yes,,monument,portrait,yes,https://doc.actonma.gov/dsweb/Get/Document-99008/Acton-Carlisle 2%2c 2025-03-25 11-23.jpg
"Acton-Carlisle 2, 2025-06-30 14-50, 2.jpg",Acton/Carlisle 2,2025-06-30 14-50,,yes,,monument,portrait,yes,https://doc.actonma.gov/dsweb/Get/Document-99009/Acton-Carlisle 2%2c 2025-06-30 14-50%2c 2.jpg
"Acton-Carlisle 2, 2025-06-30 14-50.jpg",Acton/Carlisle 2,2025-06-30 14-50,,yes,,monument,portrait,yes,https://doc.actonma.gov/dsweb/Get/Document-99010/Acton-Carlisle 2%2c 2025-06-30 14-50.jpg
"Acton-Carlisle Main Street (Rte 27), 2024-10-30 12-22.jpg",Acton/Carlisle Main Street (Rte 27),2024-10-30 12-22,,yes,,monument,portrait,yes,https://doc.actonma.gov/dsweb/Get/Document-99011/Acton-Carlisle Main Street (Rte 27)%2c 2024-10-30 12-22.jpg
"Acton-Carlisle Main Street (Rte 27), 2024-10-30 12-23, Context from the north.jpg",Acton/Carlisle Main Street (Rte 27),2024-10-30 12-23,Context from the north,yes,,monument,portrait,yes,https://doc.actonma.gov/dsweb/Get/Document-99012/Acton-Carlisle Main Street (Rte 27)%2c 2024-10-30 12-23%2c Context from the north.jpg
"Acton-Carlisle Main Street (Rte 27), 2025-06-30 15-09, 2.jpg",Acton/Carlisle Main Street (Rte 27),2025-06-30 15-09,,yes,,monument,portrait,yes,https://doc.actonma.gov/dsweb/Get/Document-99013/Acton-Carlisle Main Street (Rte 27)%2c 2025-06-30 15-09%2c 2.jpg
"Acton-Carlisle Main Street (Rte 27), 2025-06-30 15-09.jpg",Acton/Carlisle Main Street (Rte 27),2025-06-30 15-09,,yes,,monument,portrait,yes,https://doc.actonma.gov/dsweb/Get/Document-99014/Acton-Carlisle Main Street (Rte 27)%2c 2025-06-30 15-09.jpg
"Acton-Carlisle Main Street (Rte 27), 2025-06-30 15-11.jpg",Acton/Carlisle Main Street (Rte 27),2025-06-30 15-11,,yes,,monument,portrait,yes,https://doc.actonma.gov/dsweb/Get/Document-99166/Acton-Carlisle Main Street (Rte 27)%2c 2025-06-30 15-11.jpg
"Acton-Carlisle Main Street (Rte 27), 2025-06-30 15-13, After painting.jpg",Acton/Carlisle Main Street (Rte 27),2025-06-30 15-13,After painting,yes,,monument,portrait,yes,https://doc.actonma.gov/dsweb/Get/Document-99015/Acton-Carlisle Main Street (Rte 27)%2c 2025-06-30 15-13%2c After painting.jpg
"Acton-Carlisle-Concord, 2025-06-30 13-38, ""W M"" means this is a witness marker, near but not at the actual corner..jpg",Acton/Carlisle/Concord,2025-06-30 13-38,"""W M"" means this is a witness marker, near but not at the actual corner.",yes,,monument,portrait,yes,https://doc.actonma.gov/dsweb/Get/Document-99016/Acton-Carlisle-Concord%2c 2025-06-30 13-38%2c _22W M_22 means this is a witness marker%2c near but not at the actual corner..jpg
"Acton-Carlisle-Concord, 2025-06-30 13-38, 2007 installation not at actual corner but offset at 394 Pope Road into stone wall.jpg",Acton/Carlisle/Concord,2025-06-30 13-38,2007 installation not at actual corner but offset at 394 Pope Road into stone wall,yes,,monument,portrait,yes,https://doc.actonma.gov/dsweb/Get/Document-99017/Acton-Carlisle-Concord%2c 2025-06-30 13-38%2c 2007 installation not at actual corner but offset at 394 Pope Road into stone wall.jpg
"Acton-Carlisle-Concord, 2025-06-30 13-41, Acton side after painting.jpg",Acton/Carlisle/Concord,2025-06-30 13-41,Acton side after painting,yes,,monument,portrait,yes,https://doc.actonma.gov/dsweb/Get/Document-99018/Acton-Carlisle-Concord%2c 2025-06-30 13-41%2c Acton side after painting.jpg
"Acton-Carlisle-Westford, 2024-10-30 15-20, Context from Rte 27: Marker is up the embankment.jpg",Acton/Carlisle/Westford,2024-10-30 15-20,Context from Rte 27: Marker is up the embankment,yes,,monument,landscape,yes,https://doc.actonma.gov/dsweb/Get/Document-99023/ Marker is up the embankment.jpg
"Acton-Carlisle-Westford, 2024-10-30 15-21, Westford side.jpg",Acton/Carlisle/Westford,2024-10-30 15-21,Westford side,yes,,monument,portrait,yes,https://doc.actonma.gov/dsweb/Get/Document-99024/Acton-Carlisle-Westford%2c 2024-10-30 15-21%2c Westford side.jpg
"Acton-Carlisle-Westford, 2024-10-30 15-21.jpg",Acton/Carlisle/Westford,2024-10-30 15-21,,yes,,monument,portrait,yes,https://doc.actonma.gov/dsweb/Get/Document-99019/Acton-Carlisle-Westford%2c 2024-10-30 15-21.jpg
"Acton-Carlisle-Westford, 2024-10-30 15-22, Context showing Main Street in the background.jpg",Acton/Carlisle/Westford,2024-10-30 15-22,Context showing Main Street in the background,yes,,monument,portrait,yes,https://doc.actonma.gov/dsweb/Get/Document-99020/Acton-Carlisle-Westford%2c 2024-10-30 15-22%2c Context showing Main Street in the background.jpg
"Acton-Carlisle-Westford, 2025-06-30 15-00.jpg",Acton/Carlisle/Westford,2025-06-30 15-00,,yes,,monument,portrait,yes,https://doc.actonma.gov/dsweb/Get/Document-99021/Acton-Carlisle-Westford%2c 2025-06-30 15-00.jpg
"Acton-Carlisle-Westford, 2025-06-30 15-01, Carlisle side.  Carlisle may have done their painting on a nearby monument..jpg",Acton/Carlisle/Westford,2025-06-30 15-01,Carlisle side.  Carlisle may have done their painting on a nearby monument.,yes,,monument,portrait,yes,https://doc.actonma.gov/dsweb/Get/Document-99025/Acton-Carlisle-Westford%2c 2025-06-30 15-01%2c Carlisle side.  Carlisle may have done their painting on a nearby monument..jpg
"Acton-Carlisle-Westford, 2025-06-30 15-05, After painting..jpg",Acton/Carlisle/Westford,2025-06-30 15-05,After painting.,yes,,monument,portrait,yes,https://doc.actonma.gov/dsweb/Get/Document-99027/Acton-Carlisle-Westford%2c 2025-06-30 15-05%2c After painting..jpg
"Acton-Carlisle-Westford, 2025-06-30 15-08, Closer picture of alternate monument near the A-C-W corner..jpg",Acton/Carlisle/Westford,2025-06-30 15-08,Closer picture of alternate monument near the A-C-W corner.,no,redundant,monument,portrait,yes,https://doc.actonma.gov/dsweb/Get/Document-99028/Acton-Carlisle-Westford%2c 2025-06-30 15-08%2c Closer picture of alternate monument near the A-C-W corner..jpg
"Acton-Carlisle-Westford, 2025-06-30 15-08, This is not the actual monument (which is nearby) but maybe Carlisle painted here at least once..jpg",Acton/Carlisle/Westford,2025-06-30 15-08,This is not the actual monument (which is nearby) but maybe Carlisle painted here at least once.,no,redundant,monument,portrait,yes,https://doc.actonma.gov/dsweb/Get/Document-99026/Acton-Carlisle-Westford%2c 2025-06-30 15-08%2c This is not the actual monument (which is nearby) but maybe Carlisle painted here at least once..jpg
"Acton-Carlisle-Westford, 2026-07-06 16-13, The Carlisle-Westford monument that might be confused with the nearby A-C-W corner.jpg",Acton/Carlisle/Westford,2026-07-06 16-13,The Carlisle-Westford monument that might be confused with the nearby A-C-W corner,yes,,monument,,,https://doc.actonma.gov/dsweb/Get/Document-99300/Acton-Carlisle-Westford%2c 2026-07-06 16-13%2c The Carlisle-Westford monument that might be confused with the nearby A-C-W corner.jpg
"Acton-Concord Great Road, 2025-04-23 16-44, 2.jpg",Acton/Concord Great Road,2025-04-23 16-44,,yes,,monument,portrait,yes,https://doc.actonma.gov/dsweb/Get/Document-99029/Acton-Concord Great Road%2c 2025-04-23 16-44%2c 2.jpg
"Acton-Concord Great Road, 2025-04-23 16-44, 3.jpg",Acton/Concord Great Road,2025-04-23 16-44,,yes,,monument,portrait,yes,https://doc.actonma.gov/dsweb/Get/Document-99030/Acton-Concord Great Road%2c 2025-04-23 16-44%2c 3.jpg
"Acton-Concord Great Road, 2025-04-23 16-44.jpg",Acton/Concord Great Road,2025-04-23 16-44,,yes,,monument,portrait,yes,https://doc.actonma.gov/dsweb/Get/Document-99031/Acton-Concord Great Road%2c 2025-04-23 16-44.jpg
"Acton-Concord Great Road, 2025-06-30 15-52.jpg",Acton/Concord Great Road,2025-06-30 15-52,,yes,,monument,portrait,yes,https://doc.actonma.gov/dsweb/Get/Document-99032/Acton-Concord Great Road%2c 2025-06-30 15-52.jpg
"Acton-Concord Great Road, 2025-06-30 15-55, First time for Acton writing on this monument.jpg",Acton/Concord Great Road,2025-06-30 15-55,First time for Acton writing on this monument,yes,,monument,portrait,yes,https://doc.actonma.gov/dsweb/Get/Document-99033/Acton-Concord Great Road%2c 2025-06-30 15-55%2c First time for Acton writing on this monument.jpg
"Acton-Concord Keefe Road, 2025-11-28 14-57, 2.jpg",Acton/Concord Keefe Road,2025-11-28 14-57,,yes,,monument,portrait,yes,https://doc.actonma.gov/dsweb/Get/Document-98961/Acton-Concord Keefe Road%2c 2025-11-28 14-57%2c 2.jpg
"Acton-Concord Keefe Road, 2025-11-28 14-57, 3.jpg",Acton/Concord Keefe Road,2025-11-28 14-57,,yes,,monument,landscape,yes,https://doc.actonma.gov/dsweb/Get/Document-98960/Acton-Concord Keefe Road%2c 2025-11-28 14-57%2c 3.jpg
"Acton-Concord Keefe Road, 2025-11-28 14-57.jpg",Acton/Concord Keefe Road,2025-11-28 14-57,,yes,,monument,portrait,yes,https://doc.actonma.gov/dsweb/Get/Document-98962/Acton-Concord Keefe Road%2c 2025-11-28 14-57.jpg
"Acton-Concord Laws Brook Road, 2025-04-23 16-21, 2.jpg",Acton/Concord Laws Brook Road,2025-04-23 16-21,,yes,,monument,portrait,yes,https://doc.actonma.gov/dsweb/Get/Document-99034/Acton-Concord Laws Brook Road%2c 2025-04-23 16-21%2c 2.jpg
"Acton-Concord Laws Brook Road, 2025-04-23 16-21, Looking from Concord into Acton.jpg",Acton/Concord Laws Brook Road,2025-04-23 16-21,Looking from Concord into Acton,yes,,monument,landscape,yes,https://doc.actonma.gov/dsweb/Get/Document-99037/Acton-Concord Laws Brook Road%2c 2025-04-23 16-21%2c Looking from Concord into Acton.jpg
"Acton-Concord Laws Brook Road, 2025-04-23 16-21.jpg",Acton/Concord Laws Brook Road,2025-04-23 16-21,,yes,,monument,portrait,yes,https://doc.actonma.gov/dsweb/Get/Document-99038/Acton-Concord Laws Brook Road%2c 2025-04-23 16-21.jpg
"Acton-Concord Laws Brook Road, 2025-04-23 16-23, From Acton into Concord.jpg",Acton/Concord Laws Brook Road,2025-04-23 16-23,From Acton into Concord,yes,,monument,landscape,yes,https://doc.actonma.gov/dsweb/Get/Document-99039/Acton-Concord Laws Brook Road%2c 2025-04-23 16-23%2c From Acton into Concord.jpg
"Acton-Concord Laws Brook Road, 2025-06-30 15-41, Painted.jpg",Acton/Concord Laws Brook Road,2025-06-30 15-41,Painted,yes,,monument,portrait,yes,https://doc.actonma.gov/dsweb/Get/Document-99040/Acton-Concord Laws Brook Road%2c 2025-06-30 15-41%2c Painted.jpg
"Acton-Concord Laws Brook Road, 2025-06-30 15-41.jpg",Acton/Concord Laws Brook Road,2025-06-30 15-41,,yes,,monument,portrait,yes,https://doc.actonma.gov/dsweb/Get/Document-99041/Acton-Concord Laws Brook Road%2c 2025-06-30 15-41.jpg
"Acton-Concord Old Stow Road, 2025-04-23 15-52, Old road visible to the left of the monument.jpg",Acton/Concord Old Stow Road,2025-04-23 15-52,Old road visible to the left of the monument,yes,,monument,portrait,yes,https://doc.actonma.gov/dsweb/Get/Document-99042/Acton-Concord Old Stow Road%2c 2025-04-23 15-52%2c Old road visible to the left of the monument.jpg
"Acton-Concord Old Stow Road, 2025-04-23 15-52.jpg",Acton/Concord Old Stow Road,2025-04-23 15-52,,yes,,monument,portrait,yes,https://doc.actonma.gov/dsweb/Get/Document-99043/Acton-Concord Old Stow Road%2c 2025-04-23 15-52.jpg
"Acton-Concord Old Stow Road, 2025-09-24 11-04.jpg",Acton/Concord Old Stow Road,2025-09-24 11-04,,yes,,monument,landscape,yes,https://doc.actonma.gov/dsweb/Get/Document-99044/Acton-Concord Old Stow Road%2c 2025-09-24 11-04.jpg
"Acton-Concord Old Stow Road, 2025-09-24 11-05.jpg",Acton/Concord Old Stow Road,2025-09-24 11-05,,yes,,monument,portrait,yes,https://doc.actonma.gov/dsweb/Get/Document-99045/Acton-Concord Old Stow Road%2c 2025-09-24 11-05.jpg
"Acton-Concord Old Stow Road, 2025-09-24 11-09.jpg",Acton/Concord Old Stow Road,2025-09-24 11-09,,yes,,monument,portrait,yes,https://doc.actonma.gov/dsweb/Get/Document-99046/Acton-Concord Old Stow Road%2c 2025-09-24 11-09.jpg
"Acton-Concord Pope Road, 2025-03-25 11-36, 2.jpg",Acton/Concord Pope Road,2025-03-25 11-36,,yes,,monument,portrait,yes,https://doc.actonma.gov/dsweb/Get/Document-99047/Acton-Concord Pope Road%2c 2025-03-25 11-36%2c 2.jpg
"Acton-Concord Pope Road, 2025-03-25 11-36.jpg",Acton/Concord Pope Road,2025-03-25 11-36,,yes,,monument,portrait,yes,https://doc.actonma.gov/dsweb/Get/Document-99048/Acton-Concord Pope Road%2c 2025-03-25 11-36.jpg
"Acton-Concord Pope Road, 2025-06-30 13-44.jpg",Acton/Concord Pope Road,2025-06-30 13-44,,yes,,monument,portrait,yes,https://doc.actonma.gov/dsweb/Get/Document-99049/Acton-Concord Pope Road%2c 2025-06-30 13-44.jpg
"Acton-Concord Pope Road, 2025-06-30 13-46, Paint can demonstration.jpg",Acton/Concord Pope Road,2025-06-30 13-46,Paint can demonstration,yes,,monument,portrait,yes,https://doc.actonma.gov/dsweb/Get/Document-99050/Acton-Concord Pope Road%2c 2025-06-30 13-46%2c Paint can demonstration.jpg
"Acton-Concord Pope Road, 2025-06-30 13-46.jpg",Acton/Concord Pope Road,2025-06-30 13-46,,yes,,monument,portrait,yes,https://doc.actonma.gov/dsweb/Get/Document-99051/Acton-Concord Pope Road%2c 2025-06-30 13-46.jpg
"Acton-Concord Pope Road, 2025-06-30 13-48.jpg",Acton/Concord Pope Road,2025-06-30 13-48,,yes,,monument,portrait,yes,https://doc.actonma.gov/dsweb/Get/Document-99052/Acton-Concord Pope Road%2c 2025-06-30 13-48.jpg
"Acton-Concord Powder Mill Road (Rte 62), 2025-04-23 15-26, A promising marker and maybe a buried monument.jpg",Acton/Concord Powder Mill Road (Rte 62),2025-04-23 15-26,A promising marker and maybe a buried monument,yes,,monument,portrait,yes,https://doc.actonma.gov/dsweb/Get/Document-99053/Acton-Concord Powder Mill Road (Rte 62)%2c 2025-04-23 15-26%2c A promising marker and maybe a buried monument.jpg
"Acton-Concord Powder Mill Road (Rte 62), 2025-04-23 15-26, Context view of town line sign just beyond steel pipe and possible marker.jpg",Acton/Concord Powder Mill Road (Rte 62),2025-04-23 15-26,Context view of town line sign just beyond steel pipe and possible marker,yes,,monument,portrait,yes,https://doc.actonma.gov/dsweb/Get/Document-99054/Acton-Concord Powder Mill Road (Rte 62)%2c 2025-04-23 15-26%2c Context view of town line sign just beyond steel pipe and possible marker.jpg
"Acton-Concord Rte 2, 2025-04-23 16-31, Ribbons but no town marks.jpg",Acton/Concord Rte 2,2025-04-23 16-31,Ribbons but no town marks,yes,,monument,portrait,yes,https://doc.actonma.gov/dsweb/Get/Document-99055/Acton-Concord Rte 2%2c 2025-04-23 16-31%2c Ribbons but no town marks.jpg
"Acton-Concord Rte 2, 2025-04-23 16-32, Ribbons but no town marks.jpg",Acton/Concord Rte 2,2025-04-23 16-32,Ribbons but no town marks,yes,,monument,portrait,yes,https://doc.actonma.gov/dsweb/Get/Document-99056/Acton-Concord Rte 2%2c 2025-04-23 16-32%2c Ribbons but no town marks.jpg
"Acton-Concord Rte 2, 2025-04-23 16-35, This dammed up area is near the border.jpg",Acton/Concord Rte 2,2025-04-23 16-35,This dammed up area is near the border,yes,,monument,landscape,yes,https://doc.actonma.gov/dsweb/Get/Document-99057/Acton-Concord Rte 2%2c 2025-04-23 16-35%2c This dammed up area is near the border.jpg
"Acton-Concord Rte 2, 2025-04-23 16-39, Another promising marker.jpg",Acton/Concord Rte 2,2025-04-23 16-39,Another promising marker,yes,,monument,portrait,yes,https://doc.actonma.gov/dsweb/Get/Document-99058/Acton-Concord Rte 2%2c 2025-04-23 16-39%2c Another promising marker.jpg
"Acton-Concord Rte 2, 2025-04-23 16-40, Another miss..jpg",Acton/Concord Rte 2,2025-04-23 16-40,Another miss.,yes,,monument,portrait,yes,https://doc.actonma.gov/dsweb/Get/Document-99059/Acton-Concord Rte 2%2c 2025-04-23 16-40%2c Another miss..jpg
"Acton-Concord Spencer Brook Road, 2025-03-25 11-32, 2.jpg",Acton/Concord Spencer Brook Road,2025-03-25 11-32,,yes,,monument,portrait,yes,https://doc.actonma.gov/dsweb/Get/Document-99060/Acton-Concord Spencer Brook Road%2c 2025-03-25 11-32%2c 2.jpg
"Acton-Concord Spencer Brook Road, 2025-03-25 11-32.jpg",Acton/Concord Spencer Brook Road,2025-03-25 11-32,,yes,,monument,portrait,yes,https://doc.actonma.gov/dsweb/Get/Document-99061/Acton-Concord Spencer Brook Road%2c 2025-03-25 11-32.jpg
"Acton-Concord Spencer Brook Road, 2025-03-25 11-33, Context from across Spencer Brook Road.jpg",Acton/Concord Spencer Brook Road,2025-03-25 11-33,Context from across Spencer Brook Road,yes,,monument,portrait,yes,https://doc.actonma.gov/dsweb/Get/Document-99062/Acton-Concord Spencer Brook Road%2c 2025-03-25 11-33%2c Context from across Spencer Brook Road.jpg
"Acton-Concord Spencer Brook Road, 2025-06-30 13-56, 2.jpg",Acton/Concord Spencer Brook Road,2025-06-30 13-56,,yes,,monument,portrait,yes,https://doc.actonma.gov/dsweb/Get/Document-99063/Acton-Concord Spencer Brook Road%2c 2025-06-30 13-56%2c 2.jpg
"Acton-Concord Spencer Brook Road, 2025-06-30 13-56.jpg",Acton/Concord Spencer Brook Road,2025-06-30 13-56,,yes,,monument,portrait,yes,https://doc.actonma.gov/dsweb/Get/Document-99064/Acton-Concord Spencer Brook Road%2c 2025-06-30 13-56.jpg
"Acton-Concord Strawberry Hill Road, 2025-04-18 08-30.jpg",Acton/Concord Strawberry Hill Road,2025-04-18 08-30,,yes,,monument,portrait,yes,https://doc.actonma.gov/dsweb/Get/Document-99065/Acton-Concord Strawberry Hill Road%2c 2025-04-18 08-30.jpg
"Acton-Concord Strawberry Hill Road, 2025-06-30 16-02.jpg",Acton/Concord Strawberry Hill Road,2025-06-30 16-02,,yes,,monument,portrait,yes,https://doc.actonma.gov/dsweb/Get/Document-99066/Acton-Concord Strawberry Hill Road%2c 2025-06-30 16-02.jpg
"Acton-Concord Strawberry Hill Road, 2025-06-30 16-07, 2.jpg",Acton/Concord Strawberry Hill Road,2025-06-30 16-07,,yes,,monument,portrait,yes,https://doc.actonma.gov/dsweb/Get/Document-99067/Acton-Concord Strawberry Hill Road%2c 2025-06-30 16-07%2c 2.jpg
"Acton-Concord Strawberry Hill Road, 2025-06-30 16-07.jpg",Acton/Concord Strawberry Hill Road,2025-06-30 16-07,,yes,,monument,portrait,yes,https://doc.actonma.gov/dsweb/Get/Document-99068/Acton-Concord Strawberry Hill Road%2c 2025-06-30 16-07.jpg
"Acton-Concord-Maynard-Sudbury, 2024-10-14 15-49.jpg",Acton/Concord/Maynard/Sudbury,2024-10-14 15-49,,yes,,monument,portrait,yes,https://doc.actonma.gov/dsweb/Get/Document-99069/Acton-Concord-Maynard-Sudbury%2c 2024-10-14 15-49.jpg
"Acton-Concord-Maynard-Sudbury, 2024-10-14 15-50, 2.jpg",Acton/Concord/Maynard/Sudbury,2024-10-14 15-50,,yes,,monument,portrait,yes,https://doc.actonma.gov/dsweb/Get/Document-99070/Acton-Concord-Maynard-Sudbury%2c 2024-10-14 15-50%2c 2.jpg
"Acton-Concord-Maynard-Sudbury, 2024-10-14 15-50, 3.jpg",Acton/Concord/Maynard/Sudbury,2024-10-14 15-50,,yes,,monument,portrait,yes,https://doc.actonma.gov/dsweb/Get/Document-99071/Acton-Concord-Maynard-Sudbury%2c 2024-10-14 15-50%2c 3.jpg
"Acton-Concord-Maynard-Sudbury, 2024-10-14 15-50.jpg",Acton/Concord/Maynard/Sudbury,2024-10-14 15-50,,yes,,monument,portrait,yes,https://doc.actonma.gov/dsweb/Get/Document-99072/Acton-Concord-Maynard-Sudbury%2c 2024-10-14 15-50.jpg
"Acton-Concord-Maynard-Sudbury, 2025-07-24 09-14.jpg",Acton/Concord/Maynard/Sudbury,2025-07-24 09-14,,yes,,monument,landscape,yes,https://doc.actonma.gov/dsweb/Get/Document-99073/Acton-Concord-Maynard-Sudbury%2c 2025-07-24 09-14.jpg
"Acton-Concord-Maynard-Sudbury, 2025-07-24 09-15, Painting equipment.jpg",Acton/Concord/Maynard/Sudbury,2025-07-24 09-15,Painting equipment,yes,,intro,landscape,yes,https://doc.actonma.gov/dsweb/Get/Document-99074/Acton-Concord-Maynard-Sudbury%2c 2025-07-24 09-15%2c Painting equipment.jpg
"Acton-Concord-Maynard-Sudbury, 2025-07-24 09-16, Rust-oleum details.jpg",Acton/Concord/Maynard/Sudbury,2025-07-24 09-16,Rust-oleum details,yes,,intro,portrait,yes,https://doc.actonma.gov/dsweb/Get/Document-99075/Acton-Concord-Maynard-Sudbury%2c 2025-07-24 09-16%2c Rust-oleum details.jpg
"Acton-Concord-Maynard-Sudbury, 2025-07-24 09-21.jpg",Acton/Concord/Maynard/Sudbury,2025-07-24 09-21,,yes,,monument,portrait,yes,https://doc.actonma.gov/dsweb/Get/Document-99076/Acton-Concord-Maynard-Sudbury%2c 2025-07-24 09-21.jpg
"Acton-Littleton 1, 2025-03-25 10-37, 2.jpg",Acton/Littleton 1,2025-03-25 10-37,,yes,,monument,landscape,yes,https://doc.actonma.gov/dsweb/Get/Document-99077/Acton-Littleton 1%2c 2025-03-25 10-37%2c 2.jpg
"Acton-Littleton 1, 2025-03-25 10-37.jpg",Acton/Littleton 1,2025-03-25 10-37,,yes,,monument,landscape,yes,https://doc.actonma.gov/dsweb/Get/Document-99078/Acton-Littleton 1%2c 2025-03-25 10-37.jpg
"Acton-Littleton 1, 2025-03-25 10-38, Context with stone wall.jpg",Acton/Littleton 1,2025-03-25 10-38,Context with stone wall,yes,,monument,portrait,yes,https://doc.actonma.gov/dsweb/Get/Document-99079/Acton-Littleton 1%2c 2025-03-25 10-38%2c Context with stone wall.jpg
"Acton-Littleton 1, 2025-06-02 14-06.jpg",Acton/Littleton 1,2025-06-02 14-06,,yes,,monument,portrait,yes,https://doc.actonma.gov/dsweb/Get/Document-99080/Acton-Littleton 1%2c 2025-06-02 14-06.jpg
"Acton-Littleton 2, 2025-04-24 15-22.JPG",Acton/Littleton 2,2025-04-24 15-22,,yes,,monument,landscape,yes,https://doc.actonma.gov/dsweb/Get/Document-99081/Acton-Littleton 2%2c 2025-04-24 15-22.JPG
"Acton-Littleton 2, 2025-05-19 16-44, Nagog Pond is in the back.jpg",Acton/Littleton 2,2025-05-19 16-44,Nagog Pond is in the back,yes,,monument,landscape,yes,https://doc.actonma.gov/dsweb/Get/Document-99082/Acton-Littleton 2%2c 2025-05-19 16-44%2c Nagog Pond is in the back.jpg
"Acton-Littleton 2, 2025-05-19 16-44.jpg",Acton/Littleton 2,2025-05-19 16-44,,yes,,monument,portrait,yes,https://doc.actonma.gov/dsweb/Get/Document-99083/Acton-Littleton 2%2c 2025-05-19 16-44.jpg
"Acton-Littleton 2, 2025-06-02 14-36, Tilted for a long time: all the years are tilted to compensate.jpg",Acton/Littleton 2,2025-06-02 14-36,Tilted for a long time: all the years are tilted to compensate,yes,,monument,portrait,yes,https://doc.actonma.gov/dsweb/Get/Document-99084/ all the years are tilted to compensate.jpg
"Acton-Littleton 2, 2025-06-02 14-39, After painting..jpg",Acton/Littleton 2,2025-06-02 14-39,After painting.,yes,,monument,portrait,yes,https://doc.actonma.gov/dsweb/Get/Document-99085/Acton-Littleton 2%2c 2025-06-02 14-39%2c After painting..jpg
"Acton-Littleton 2, 2025-06-02 14-39, Year of installation 1831..jpg",Acton/Littleton 2,2025-06-02 14-39,Year of installation 1831.,yes,,monument,portrait,yes,https://doc.actonma.gov/dsweb/Get/Document-99086/Acton-Littleton 2%2c 2025-06-02 14-39%2c Year of installation 1831..jpg
"Acton-Littleton 2, 2025-06-02 14-41.jpg",Acton/Littleton 2,2025-06-02 14-41,,yes,,monument,portrait,yes,https://doc.actonma.gov/dsweb/Get/Document-99087/Acton-Littleton 2%2c 2025-06-02 14-41.jpg
"Acton-Littleton Fort Pond Road, 2025-03-25 10-18, 2.jpg",Acton/Littleton Fort Pond Road,2025-03-25 10-18,,yes,,monument,portrait,yes,https://doc.actonma.gov/dsweb/Get/Document-99088/Acton-Littleton Fort Pond Road%2c 2025-03-25 10-18%2c 2.jpg
"Acton-Littleton Fort Pond Road, 2025-03-25 10-18.jpg",Acton/Littleton Fort Pond Road,2025-03-25 10-18,,yes,,monument,portrait,yes,https://doc.actonma.gov/dsweb/Get/Document-99089/Acton-Littleton Fort Pond Road%2c 2025-03-25 10-18.jpg
"Acton-Littleton Fort Pond Road, 2025-03-25 10-19.jpg",Acton/Littleton Fort Pond Road,2025-03-25 10-19,,yes,,monument,portrait,yes,https://doc.actonma.gov/dsweb/Get/Document-99090/Acton-Littleton Fort Pond Road%2c 2025-03-25 10-19.jpg
"Acton-Littleton Fort Pond Road, 2025-06-02 13-26, 2.jpg",Acton/Littleton Fort Pond Road,2025-06-02 13-26,,yes,,monument,portrait,yes,https://doc.actonma.gov/dsweb/Get/Document-99091/Acton-Littleton Fort Pond Road%2c 2025-06-02 13-26%2c 2.jpg
"Acton-Littleton Fort Pond Road, 2025-06-02 13-26.jpg",Acton/Littleton Fort Pond Road,2025-06-02 13-26,,yes,,monument,portrait,yes,https://doc.actonma.gov/dsweb/Get/Document-99092/Acton-Littleton Fort Pond Road%2c 2025-06-02 13-26.jpg
"Acton-Littleton Fort Pond Road, 2025-06-02 13-33, Acton side after painting.jpg",Acton/Littleton Fort Pond Road,2025-06-02 13-33,Acton side after painting,yes,,monument,portrait,yes,https://doc.actonma.gov/dsweb/Get/Document-99093/Acton-Littleton Fort Pond Road%2c 2025-06-02 13-33%2c Acton side after painting.jpg
"Acton-Littleton Fort Pond Road, 2025-06-02 13-33, Littleton side after painting.jpg",Acton/Littleton Fort Pond Road,2025-06-02 13-33,Littleton side after painting,yes,,monument,portrait,yes,https://doc.actonma.gov/dsweb/Get/Document-99094/Acton-Littleton Fort Pond Road%2c 2025-06-02 13-33%2c Littleton side after painting.jpg
"Acton-Littleton Great Road, 2026-07-14 10-55.jpg",Acton/Littleton Great Road,2026-07-14 10-55,,yes,,monument,,,https://doc.actonma.gov/dsweb/Get/Document-99293/Acton-Littleton Great Road%2c 2026-07-14 10-55.jpg
"Acton-Littleton Lillian Road, 2025-03-25 10-04, possible  marker location.jpg",Acton/Littleton Lillian Road,2025-03-25 10-04,possible  marker location,yes,,monument,portrait,yes,https://doc.actonma.gov/dsweb/Get/Document-99095/Acton-Littleton Lillian Road%2c 2025-03-25 10-04%2c possible  marker location.jpg
"Acton-Littleton Nagog Hill Road, 2025-03-25 10-24.jpg",Acton/Littleton Nagog Hill Road,2025-03-25 10-24,,yes,,monument,portrait,yes,https://doc.actonma.gov/dsweb/Get/Document-99096/Acton-Littleton Nagog Hill Road%2c 2025-03-25 10-24.jpg
"Acton-Littleton Nagog Hill Road, 2025-03-25 10-26.jpg",Acton/Littleton Nagog Hill Road,2025-03-25 10-26,,yes,,monument,portrait,yes,https://doc.actonma.gov/dsweb/Get/Document-99097/Acton-Littleton Nagog Hill Road%2c 2025-03-25 10-26.jpg
"Acton-Littleton Nagog Hill Road, 2025-03-25 10-27, Context with town line sign.jpg",Acton/Littleton Nagog Hill Road,2025-03-25 10-27,Context with town line sign,yes,,monument,portrait,yes,https://doc.actonma.gov/dsweb/Get/Document-99098/Acton-Littleton Nagog Hill Road%2c 2025-03-25 10-27%2c Context with town line sign.jpg
"Acton-Littleton Nagog Hill Road, 2025-06-02 13-09, Includes engraved 1831 monument date.jpg",Acton/Littleton Nagog Hill Road,2025-06-02 13-09,Includes engraved 1831 monument date,yes,,monument,portrait,yes,https://doc.actonma.gov/dsweb/Get/Document-99099/Acton-Littleton Nagog Hill Road%2c 2025-06-02 13-09%2c Includes engraved 1831 monument date.jpg
"Acton-Littleton Nagog Hill Road, 2025-06-02 13-10.jpg",Acton/Littleton Nagog Hill Road,2025-06-02 13-10,,yes,,monument,portrait,yes,https://doc.actonma.gov/dsweb/Get/Document-99100/Acton-Littleton Nagog Hill Road%2c 2025-06-02 13-10.jpg
"Acton-Littleton Nagog Hill Road, 2025-06-02 13-14, Acton side being painted.jpg",Acton/Littleton Nagog Hill Road,2025-06-02 13-14,Acton side being painted,yes,,monument,portrait,yes,https://doc.actonma.gov/dsweb/Get/Document-99101/Acton-Littleton Nagog Hill Road%2c 2025-06-02 13-14%2c Acton side being painted.jpg
"Acton-Littleton Nagog Hill Road, 2025-06-02 13-16, Observers  and painters.jpg",Acton/Littleton Nagog Hill Road,2025-06-02 13-16,Observers  and painters,yes,,monument,landscape,yes,https://doc.actonma.gov/dsweb/Get/Document-99102/Acton-Littleton Nagog Hill Road%2c 2025-06-02 13-16%2c Observers  and painters.jpg
"Acton-Littleton Nagog Hill Road, 2025-06-02 13-22, Acton side after painting.jpg",Acton/Littleton Nagog Hill Road,2025-06-02 13-22,Acton side after painting,yes,,monument,portrait,yes,https://doc.actonma.gov/dsweb/Get/Document-99103/Acton-Littleton Nagog Hill Road%2c 2025-06-02 13-22%2c Acton side after painting.jpg
"Acton-Littleton Nagog Hill Road, 2025-06-02 13-22, Littleton side after painting.jpg",Acton/Littleton Nagog Hill Road,2025-06-02 13-22,Littleton side after painting,yes,,monument,portrait,yes,https://doc.actonma.gov/dsweb/Get/Document-99104/Acton-Littleton Nagog Hill Road%2c 2025-06-02 13-22%2c Littleton side after painting.jpg
"Acton-Littleton Nashoba Road, 2026-07-14 10-54.jpg",Acton/Littleton Nashoba Road,2026-07-14 10-54,,yes,,monument,,,https://doc.actonma.gov/dsweb/Get/Document-99294/Acton-Littleton Nashoba Road%2c 2026-07-14 10-54.jpg
"Acton-Littleton Newtown Road, 2024-10-26 17-12.jpg",Acton/Littleton Newtown Road,2024-10-26 17-12,,yes,,monument,portrait,yes,https://doc.actonma.gov/dsweb/Get/Document-99105/Acton-Littleton Newtown Road%2c 2024-10-26 17-12.jpg
"Acton-Littleton Newtown Road, 2024-10-26 17-13.jpg",Acton/Littleton Newtown Road,2024-10-26 17-13,,yes,,monument,portrait,yes,https://doc.actonma.gov/dsweb/Get/Document-99106/Acton-Littleton Newtown Road%2c 2024-10-26 17-13.jpg
"Acton-Littleton Newtown Road, 2025-03-25 09-59, Littleton side.jpg",Acton/Littleton Newtown Road,2025-03-25 09-59,Littleton side,yes,,monument,portrait,yes,https://doc.actonma.gov/dsweb/Get/Document-99107/Acton-Littleton Newtown Road%2c 2025-03-25 09-59%2c Littleton side.jpg
"Acton-Littleton Newtown Road, 2025-03-25 09-59.jpg",Acton/Littleton Newtown Road,2025-03-25 09-59,,yes,,monument,portrait,yes,https://doc.actonma.gov/dsweb/Get/Document-99108/Acton-Littleton Newtown Road%2c 2025-03-25 09-59.jpg
"Acton-Littleton Newtown Road, 2025-06-02 13-42, Context: nearby road marker..jpg",Acton/Littleton Newtown Road,2025-06-02 13-42,Context: nearby road marker.,yes,,monument,landscape,yes,https://doc.actonma.gov/dsweb/Get/Document-99109/ nearby road marker..jpg
"Acton-Littleton Newtown Road, 2025-06-02 13-42.jpg",Acton/Littleton Newtown Road,2025-06-02 13-42,,yes,,monument,portrait,yes,https://doc.actonma.gov/dsweb/Get/Document-99110/Acton-Littleton Newtown Road%2c 2025-06-02 13-42.jpg
"Acton-Littleton W B Marker on Fort Pond Road, 2025-03-25 10-20.jpg",Acton/Littleton W B Marker on Fort Pond Road,2025-03-25 10-20,,yes,,monument,portrait,yes,https://doc.actonma.gov/dsweb/Get/Document-99111/Acton-Littleton W B Marker on Fort Pond Road%2c 2025-03-25 10-20.jpg
"Acton-Littleton W B Marker on Fort Pond Road, 2026-03-14 10-02.png",Acton/Littleton W B Marker on Fort Pond Road,2026-03-14 10-02,,yes,,monument,landscape,yes,https://doc.actonma.gov/dsweb/Get/Document-99112/Acton-Littleton W B Marker on Fort Pond Road%2c 2026-03-14 10-02.png
"Acton-Littleton-Westford, 2025-03-25 11-02, From Acton wetlands.jpg",Acton/Littleton/Westford,2025-03-25 11-02,From Acton wetlands,yes,,monument,portrait,yes,https://doc.actonma.gov/dsweb/Get/Document-99113/Acton-Littleton-Westford%2c 2025-03-25 11-02%2c From Acton wetlands.jpg
"Acton-Littleton-Westford, 2025-03-25 11-02, Zoom from Acton wetlands.jpg",Acton/Littleton/Westford,2025-03-25 11-02,Zoom from Acton wetlands,yes,,monument,portrait,yes,https://doc.actonma.gov/dsweb/Get/Document-99114/Acton-Littleton-Westford%2c 2025-03-25 11-02%2c Zoom from Acton wetlands.jpg
"Acton-Littleton-Westford, 2025-09-24 10-08, 2.jpg",Acton/Littleton/Westford,2025-09-24 10-08,,yes,,monument,portrait,yes,https://doc.actonma.gov/dsweb/Get/Document-99115/Acton-Littleton-Westford%2c 2025-09-24 10-08%2c 2.jpg
"Acton-Littleton-Westford, 2025-09-24 10-08.jpg",Acton/Littleton/Westford,2025-09-24 10-08,,yes,,monument,portrait,yes,https://doc.actonma.gov/dsweb/Get/Document-99116/Acton-Littleton-Westford%2c 2025-09-24 10-08.jpg
"Acton-Littleton-Westford, 2025-09-24 10-09.jpg",Acton/Littleton/Westford,2025-09-24 10-09,,yes,,monument,portrait,yes,https://doc.actonma.gov/dsweb/Get/Document-99117/Acton-Littleton-Westford%2c 2025-09-24 10-09.jpg
"Acton-Littleton-Westford, 2025-09-24 10-10.jpg",Acton/Littleton/Westford,2025-09-24 10-10,,yes,,monument,portrait,yes,https://doc.actonma.gov/dsweb/Get/Document-99118/Acton-Littleton-Westford%2c 2025-09-24 10-10.jpg
"Acton-Littleton-Westford, 2025-09-24 10-11.jpg",Acton/Littleton/Westford,2025-09-24 10-11,,yes,,monument,portrait,yes,https://doc.actonma.gov/dsweb/Get/Document-99119/Acton-Littleton-Westford%2c 2025-09-24 10-11.jpg
"Acton-Littleton-Westford, 2025-09-24 10-13.jpg",Acton/Littleton/Westford,2025-09-24 10-13,,yes,,monument,portrait,yes,https://doc.actonma.gov/dsweb/Get/Document-99120/Acton-Littleton-Westford%2c 2025-09-24 10-13.jpg
"Acton-Maynard Conant Street, 2025-07-24 10-05.jpg",Acton/Maynard Conant Street,2025-07-24 10-05,,yes,,monument,landscape,yes,https://doc.actonma.gov/dsweb/Get/Document-99121/Acton-Maynard Conant Street%2c 2025-07-24 10-05.jpg
"Acton-Maynard Main Street (Rte 27), 2024-10-18 10-48.jpg",Acton/Maynard Main Street (Rte 27),2024-10-18 10-48,,no,redundant,monument,portrait,yes,https://doc.actonma.gov/dsweb/Get/Document-99122/Acton-Maynard Main Street (Rte 27)%2c 2024-10-18 10-48.jpg
"Acton-Maynard Main Street (Rte 27), 2024-10-18 10-50, Monument peeking out of vegetation.jpg",Acton/Maynard Main Street (Rte 27),2024-10-18 10-50,Monument peeking out of vegetation,yes,,monument,landscape,yes,https://doc.actonma.gov/dsweb/Get/Document-99123/Acton-Maynard Main Street (Rte 27)%2c 2024-10-18 10-50%2c Monument peeking out of vegetation.jpg
"Acton-Maynard Main Street (Rte 27), 2025-07-24 09-47.jpg",Acton/Maynard Main Street (Rte 27),2025-07-24 09-47,,yes,,monument,portrait,yes,https://doc.actonma.gov/dsweb/Get/Document-99124/Acton-Maynard Main Street (Rte 27)%2c 2025-07-24 09-47.jpg
"Acton-Maynard Parker Street, 2025-04-23 15-06, Context with pole that is probably a boundary sign post missing the sign..jpg",Acton/Maynard Parker Street,2025-04-23 15-06,Context with pole that is probably a boundary sign post missing the sign.,yes,,monument,portrait,yes,https://doc.actonma.gov/dsweb/Get/Document-99125/Acton-Maynard Parker Street%2c 2025-04-23 15-06%2c Context with pole that is probably a boundary sign post missing the sign..jpg
"Acton-Maynard Parker Street, 2025-04-23 15-06, Partially buried on Maynard side..jpg",Acton/Maynard Parker Street,2025-04-23 15-06,Partially buried on Maynard side.,yes,,monument,portrait,yes,https://doc.actonma.gov/dsweb/Get/Document-99126/Acton-Maynard Parker Street%2c 2025-04-23 15-06%2c Partially buried on Maynard side..jpg
"Acton-Maynard Parker Street, 2025-04-23 15-07, Partially buried on Acton side..jpg",Acton/Maynard Parker Street,2025-04-23 15-07,Partially buried on Acton side.,yes,,monument,portrait,yes,https://doc.actonma.gov/dsweb/Get/Document-99127/Acton-Maynard Parker Street%2c 2025-04-23 15-07%2c Partially buried on Acton side..jpg
"Acton-Maynard Parker Street, 2025-07-24 09-31.jpg",Acton/Maynard Parker Street,2025-07-24 09-31,,yes,,monument,landscape,yes,https://doc.actonma.gov/dsweb/Get/Document-99128/Acton-Maynard Parker Street%2c 2025-07-24 09-31.jpg
"Acton-Maynard Parker Street, 2025-07-24 09-32, 2.jpg",Acton/Maynard Parker Street,2025-07-24 09-32,,yes,,monument,portrait,yes,https://doc.actonma.gov/dsweb/Get/Document-99129/Acton-Maynard Parker Street%2c 2025-07-24 09-32%2c 2.jpg
"Acton-Maynard Parker Street, 2025-07-24 09-32.jpg",Acton/Maynard Parker Street,2025-07-24 09-32,,yes,,monument,landscape,yes,https://doc.actonma.gov/dsweb/Get/Document-99130/Acton-Maynard Parker Street%2c 2025-07-24 09-32.jpg
"Acton-Maynard Powder Mill Road (Rte 62), 2025-04-23 15-15, Possible location but no monument..jpg",Acton/Maynard Powder Mill Road (Rte 62),2025-04-23 15-15,Possible location but no monument.,yes,,monument,landscape,yes,https://doc.actonma.gov/dsweb/Get/Document-99131/Acton-Maynard Powder Mill Road (Rte 62)%2c 2025-04-23 15-15%2c Possible location but no monument..jpg
"Acton-Maynard Powder Mill Road (Rte 62), 2025-04-23 15-19, Possible location but no monument.jpg",Acton/Maynard Powder Mill Road (Rte 62),2025-04-23 15-19,Possible location but no monument,yes,,monument,portrait,yes,https://doc.actonma.gov/dsweb/Get/Document-99132/Acton-Maynard Powder Mill Road (Rte 62)%2c 2025-04-23 15-19%2c Possible location but no monument.jpg
"Acton-Maynard-Stow, 2025-07-24 10-23, 2.jpg",Acton/Maynard/Stow,2025-07-24 10-23,,yes,,monument,portrait,yes,https://doc.actonma.gov/dsweb/Get/Document-99133/Acton-Maynard-Stow%2c 2025-07-24 10-23%2c 2.jpg
"Acton-Maynard-Stow, 2025-07-24 10-23, 3.jpg",Acton/Maynard/Stow,2025-07-24 10-23,,yes,,monument,portrait,yes,https://doc.actonma.gov/dsweb/Get/Document-99134/Acton-Maynard-Stow%2c 2025-07-24 10-23%2c 3.jpg
"Acton-Maynard-Stow, 2025-07-24 10-23.jpg",Acton/Maynard/Stow,2025-07-24 10-23,,yes,,monument,portrait,yes,https://doc.actonma.gov/dsweb/Get/Document-99135/Acton-Maynard-Stow%2c 2025-07-24 10-23.jpg
"Acton-Maynard-Stow, 2025-07-24 10-24.jpg",Acton/Maynard/Stow,2025-07-24 10-24,,yes,,monument,portrait,yes,https://doc.actonma.gov/dsweb/Get/Document-99136/Acton-Maynard-Stow%2c 2025-07-24 10-24.jpg
"Acton-Maynard-Stow, 2025-07-24 10-32, Painted.jpg",Acton/Maynard/Stow,2025-07-24 10-32,Painted,yes,,monument,portrait,yes,https://doc.actonma.gov/dsweb/Get/Document-99137/Acton-Maynard-Stow%2c 2025-07-24 10-32%2c Painted.jpg
"Acton-Stow Liberty Street, 2025-07-24 10-51, 2.jpg",Acton/Stow Liberty Street,2025-07-24 10-51,,yes,,monument,portrait,yes,https://doc.actonma.gov/dsweb/Get/Document-99138/Acton-Stow Liberty Street%2c 2025-07-24 10-51%2c 2.jpg
"Acton-Stow Liberty Street, 2025-07-24 10-51.jpg",Acton/Stow Liberty Street,2025-07-24 10-51,,yes,,monument,portrait,yes,https://doc.actonma.gov/dsweb/Get/Document-99139/Acton-Stow Liberty Street%2c 2025-07-24 10-51.jpg
"Acton-Stow Stow Street, 2025-07-24 11-00, 2.jpg",Acton/Stow Stow Street,2025-07-24 11-00,,yes,,monument,portrait,yes,https://doc.actonma.gov/dsweb/Get/Document-99140/Acton-Stow Stow Street%2c 2025-07-24 11-00%2c 2.jpg
"Acton-Stow Stow Street, 2025-07-24 11-00.jpg",Acton/Stow Stow Street,2025-07-24 11-00,,yes,,monument,portrait,yes,https://doc.actonma.gov/dsweb/Get/Document-99141/Acton-Stow Stow Street%2c 2025-07-24 11-00.jpg
"Acton-Stow Stow Street, 2025-07-24 11-06.jpg",Acton/Stow Stow Street,2025-07-24 11-06,,yes,,monument,portrait,yes,https://doc.actonma.gov/dsweb/Get/Document-99142/Acton-Stow Stow Street%2c 2025-07-24 11-06.jpg
"Acton-Stow Stow Street, 2025-07-24 11-07.jpg",Acton/Stow Stow Street,2025-07-24 11-07,,yes,,monument,portrait,yes,https://doc.actonma.gov/dsweb/Get/Document-99143/Acton-Stow Stow Street%2c 2025-07-24 11-07.jpg
"Acton-Stow Willow Street, 2025-07-24 11-21.jpg",Acton/Stow Willow Street,2025-07-24 11-21,,yes,,monument,portrait,yes,https://doc.actonma.gov/dsweb/Get/Document-99144/Acton-Stow Willow Street%2c 2025-07-24 11-21.jpg
"Acton-Stow Willow Street, 2025-07-24 11-22.jpg",Acton/Stow Willow Street,2025-07-24 11-22,,yes,,monument,portrait,yes,https://doc.actonma.gov/dsweb/Get/Document-99145/Acton-Stow Willow Street%2c 2025-07-24 11-22.jpg
"Acton-Westford, 2026-07-14 11-16, Where the corner should be (from above).jpg",Acton/Westford,2026-07-14 11-16,Where the corner should be (from above),yes,,monument,,,https://doc.actonma.gov/dsweb/Get/Document-99298/Acton-Westford%2c 2026-07-14 11-16%2c Where the corner should be (from above).jpg
"Acton-Westford, 2026-07-14 11-18, Where the corner should be (from below).jpg",Acton/Westford,2026-07-14 11-18,Where the corner should be (from below),yes,,monument,,,https://doc.actonma.gov/dsweb/Get/Document-99299/Acton-Westford%2c 2026-07-14 11-18%2c Where the corner should be (from below).jpg
"Acton-Westford Bay Drive (East), 2026-07-14 13-38.jpg",Acton/Westford Bay Drive (East),2026-07-14 13-38,,yes,,monument,,,https://doc.actonma.gov/dsweb/Get/Document-99295/Acton-Westford Bay Drive (East)%2c 2026-07-14 13-38.jpg
"Acton-Westford Bay Drive (West), 2026-07-14 13-39.jpg",Acton/Westford Bay Drive (West),2026-07-14 13-39,,yes,,monument,,,https://doc.actonma.gov/dsweb/Get/Document-99296/Acton-Westford Bay Drive (West)%2c 2026-07-14 13-39.jpg
"Acton-Westford Westford Lane, 2026-07-14 11-00.jpg",Acton/Westford Westford Lane,2026-07-14 11-00,,yes,,monument,,,https://doc.actonma.gov/dsweb/Get/Document-99297/Acton-Westford Westford Lane%2c 2026-07-14 11-00.jpg
